Pressure (Decibar),Depth (Meter),Temperature (Celsius),Conductivity (MicroSiemens per Centimeter),Specific conductance (MicroSiemens per Centimeter),Salinity (Practical Salinity Scale),Sound velocity (Meters per Second),Density (Kilograms per Cubic Meter)
0.15,0.15050182716522934,15.645215177954963,29010.362470408523,35687.303343571766,22.29989017897498,1494.0388802264031,1016.0789908017927
0.53506676450303559,0.53576077762907159,14.410820013049106,36379.824257470849,46154.614704065178,29.556502620445315,1498.4456181652156,1021.9047539694448
